title,link,thumbnail,sizeheight,sizewidth
"""ì±—GPT, êµ¬ê¸€ë³´ë‹¤ íƒ„ì†Œë°°ì¶œ 60ë°° ë§ë‹¤""",http://imgnews.naver.net/image/5754/2024/03/25/0000032787_001_20240326083004306.jpg,https://search.pstatic.net/common/?type=b150&src=http://imgnews.naver.net/image/5754/2024/03/25/0000032787_001_20240326083004306.jpg,500,864
"ì±—ì§€í”¼í‹° ì‹œëŒ€, ê¶ê·¹ì˜ ìƒì¡´ê¸°ìˆ ì€? [ìœ ë ˆì¹´]",http://imgnews.naver.net/image/028/2023/03/27/0002633250_001_20230328023907815.jpg,https://search.pstatic.net/common/?type=b150&src=http://imgnews.naver.net/image/028/2023/03/27/0002633250_001_20230328023907815.jpg,613,617
ì±—ì§€í”¼í‹°ëŠ” ëˆ„êµ¬ë‚˜ ì“¸ ìˆ˜ ìˆëŠ” â€˜ê±°ì§“ë§ ì œì¡°ê¸°â€™? [ìœ ë ˆì¹´],http://imgnews.naver.net/image/028/2023/02/15/0002627542_001_20230216021301100.jpg,https://search.pstatic.net/common/?type=b150&src=http://imgnews.naver.net/image/028/2023/02/15/0002627542_001_20230216021301100.jpg,596,600
â€˜ì±—ì§€í”¼í‹° ê¼­ ì¨ì•¼ í• ê¹Œâ€™ ë¬»ëŠ” ë‹¹ì‹ ì—ê²Œ,http://imgnews.naver.net/image/308/2023/03/27/0000032415_009_20230327065805944.jpg,https://search.pstatic.net/common/?type=b150&src=http://imgnews.naver.net/image/308/2023/03/27/0000032415_009_20230327065805944.jpg,491,960
ë„¤ì´ë²„ ì¸í”Œë£¨ì–¸ì„œ [ë„¤ì´ë²„ ì¸í”Œë£¨ì–¸ì„œ] í•œêµ­ì—ì„œ ì–´í•™ì—°ìˆ˜í•˜ì! ì˜ì–´íšŒí™” ê³µë¶€ë²•,https://influencer-phinf.pstatic.net/MjAyNTEwMjBfOTUg/MDAxNzYwOTcxNjUwMjIy.xlYcBkA0-An4r-PsgJrC52QopygLq621zOJ9FQBJeEEg.E3kN3P_wP91YFU5bXYqdfItkHZEtP47RZblzHYao47Qg.PNG/6bb6.png?type=w500,https://search.pstatic.net/sunny/?type=b150&src=https://influencer-phinf.pstatic.net/MjAyNTEwMjBfOTUg/MDAxNzYwOTcxNjUwMjIy.xlYcBkA0-An4r-PsgJrC52QopygLq621zOJ9FQBJeEEg.E3kN3P_wP91YFU5bXYqdfItkHZEtP47RZblzHYao47Qg.PNG/6bb6.png?type=w500,500,500
"ì±— ì§€í”¼í‹° , íŠ¸ëŸ¼í”„ ì‚¬ì—… ì§ˆë¬¸í•´ë´„. > ìœ ë¨¸ê²Œì‹œíŒ | í€˜ì´ì‚¬ì¡´ QUASARZONE ì±— ì§€í”¼í‹° , íŠ¸ëŸ¼í”„ ì‚¬ì—… ì§ˆë¬¸í•´ë´„.",https://img2.quasarzone.com/editor/2025/03/15/78433ac380ceed445df6ac62d5faac07.png,https://search.pstatic.net/sunny/?type=b150&src=https://img2.quasarzone.com/editor/2025/03/15/78433ac380ceed445df6ac62d5faac07.png,654,1051
23í™” ì±— ì§€í”¼í‹°,https://img1.daumcdn.net/thumb/R1280x0.fwebp/?fname=http://t1.daumcdn.net/brunch/service/user/1gEP/image/arxJ_cXcl5w4KgOLEHkHkmHRKsY.jfif,https://search.pstatic.net/sunny/?type=b150&src=https://img1.daumcdn.net/thumb/R1280x0.fwebp/?fname=http://t1.daumcdn.net/brunch/service/user/1gEP/image/arxJ_cXcl5w4KgOLEHkHkmHRKsY.jfif,512,610
ì¸ê¸°ê¸€ ë³´ê³  ì±—ì§€í”¼í‹°í•œí…Œ í—´ ë§íˆ¬ ì‹œì¼°ëŠ”ë° ì™„ì „ ë§˜ì— ë“¤ì–´... ì¹´í…Œê³ ë¦¬ ì¸ê¸°ê¸€ ë³´ê³  ì±—ì§€í”¼í‹°í•œí…Œ í—´ ë§íˆ¬ ì‹œì¼°ëŠ”ë° ì™„ì „ ë§˜ì— ë“¤ì–´ ã…‹ã…‹ã…‹ã…‹ã…‹,http://file3.instiz.net/data/cached_img/upload/2024/11/11/14/2ace6237c7470c26574876d3fe692e39.jpg,https://search.pstatic.net/sunny/?type=b150&src=http://file3.instiz.net/data/cached_img/upload/2024/11/11/14/2ace6237c7470c26574876d3fe692e39.jpg,1071,800
"ì˜¤í”ˆAI 'ì±—GPT-4o' ê¸°ìŠµê³µê°œ...""ì‚¬ëŒì²˜ëŸ¼ ë³´ê³  ë“£ê³  ë§í•´""",http://imgnews.naver.net/image/5002/2024/05/14/0002597976_002_20240514075401082.jpg,https://search.pstatic.net/common/?type=b150&src=http://imgnews.naver.net/image/5002/2024/05/14/0002597976_002_20240514075401082.jpg,453,680
ì±—ì§€í”¼í‹° ê´´ë¡­íˆê¸°.jpg - ì•…í”Œë‹¬ë©´ ì©Œë¦¬ì©Œë ¤ë²„ë ¤ - ï¼Šì—¬ì„±ì‹œëŒ€ï¼Š ì°¨ë¶„í•œ 20ëŒ€ë“¤ì˜ ì•Œí ë‹¤ìš´ ê³µê°„ ì±—ì§€í”¼í‹° ê´´ë¡­íˆê¸°.jpg,https://t1.daumcdn.net/cafeattach/1IHuH/0fcc701ccea04596a0be2595f9f342b2a6680939,https://search.pstatic.net/sunny/?type=b150&src=https://t1.daumcdn.net/cafeattach/1IHuH/0fcc701ccea04596a0be2595f9f342b2a6680939,900,1024
ì±—ì§€í”¼í‹° 6ê°œì›”-AIì˜ ë‘ì–¼êµ´,https://flexible.img.hani.co.kr/flexible/normal/1275/510/imgdb/child/2023/0703/52_16883646931721_20230507501744.jpg,https://search.pstatic.net/sunny/?type=b150&src=https://flexible.img.hani.co.kr/flexible/normal/1275/510/imgdb/child/2023/0703/52_16883646931721_20230507501744.jpg,510,1275
ë‹¹ì‹ ë„ ëª°ëë˜ ì±—ì§€í”¼í‹° 101 | ì—˜ë¦¬ì‡ | ì•Œë¼ë”˜ ë‹¹ì‹ ë„ ëª°ëë˜ ì±—ì§€í”¼í‹° 101 | ì—˜ë¦¬ì‡,https://image.aladin.co.kr/product/35461/35/cover500/k392035342_1.jpg,https://search.pstatic.net/sunny/?type=b150&src=https://image.aladin.co.kr/product/35461/35/cover500/k392035342_1.jpg,714,500
ì±—ì§€í”¼í‹° aiê·¸ë¦¼ì§„ì§œ ì‹ ê¸°í•˜ë‹¤ ã…‹ã…‹ - DogDrip.Net ê°œë“œë¦½,https://www.dogdrip.net/dvs/d/25/03/29/5e9f2fac6fb0f992e372a074cf68f122.png,https://search.pstatic.net/sunny/?type=b150&src=https://www.dogdrip.net/dvs/d/25/03/29/5e9f2fac6fb0f992e372a074cf68f122.png,1363,740
ì •ë§ ì§„ì§€í•˜ê²Œ ì±—ì§€í”¼í‹°ì™€ ì˜¤ë˜ ëŒ€í™”ë¥¼ í•´ë³´ì•˜ë‹¤. | ë³´ë°°ë“œë¦¼ ì •ì¹˜ê²Œì‹œíŒ,https://file1.bobaedream.co.kr/politic/2025/03/01/14/thep1740809088_1047308672.jpg,https://search.pstatic.net/sunny/?type=b150&src=https://file1.bobaedream.co.kr/politic/2025/03/01/14/thep1740809088_1047308672.jpg,848,800
AIë¡œ ë°°ìš°ëŠ” ê³ ë“±ì–´ êµ½ëŠ”ë²• - BATTLEPAGE,https://nas.battlepage.com/upload/2023/0517/17201941bef2b079933322a773b6bca73e22cfc2.webp,https://search.pstatic.net/sunny/?type=b150&src=https://nas.battlepage.com/upload/2023/0517/17201941bef2b079933322a773b6bca73e22cfc2.webp,632,488
ì›¹ì§„ ì¸ë²¤ : ì±—ì§€í”¼í‹° ë§Œí‰) ë…¸ì˜ˆ 4.0 â€“ ì¸ê°„ì€ ëª…ë ¹í•˜ê³  AIëŠ” ìš´ë‹¤ - ì˜¤í”ˆì´ìŠˆê°¤ëŸ¬ë¦¬ ì±—ì§€í”¼í‹° ë§Œí‰) ë…¸ì˜ˆ 4.0 â€“ ì¸ê°„ì€ ëª…ë ¹í•˜ê³  AIëŠ” ìš´ë‹¤,https://upload3.inven.co.kr/upload/2025/04/02/bbs/i1293598703.png?MW=800,https://search.pstatic.net/sunny/?type=b150&src=https://upload3.inven.co.kr/upload/2025/04/02/bbs/i1293598703.png?MW=800,1200,800
[ë¬´ë£Œê°•ì˜] 30ë…„ ê²½ë ¥ì˜ ìµœê³ ì˜ ë¶€ë™ì‚° ì „ë¬¸ê°€ ë‹¤ë‹ˆì—˜ë¦¬ì˜ [ë°±ë§Œì¥ì ì–‘ì„±ì½”ìŠ¤] ë¶€ë™ì‚° ë¬´ë£Œê°•ì˜ - ì´ë²¤í„°ìŠ¤,https://eventusstorage.blob.core.windows.net/evs/Image/beyondx/59010/ProjectInfo/Cover/6d13ad76244e4eb7ada02605373237b6.png,https://search.pstatic.net/sunny/?type=b150&src=https://eventusstorage.blob.core.windows.net/evs/Image/beyondx/59010/ProjectInfo/Cover/6d13ad76244e4eb7ada02605373237b6.png,540,960
ì˜¤í”ˆAIì— ì†Œì†¡ ê±´ ë¨¸ìŠ¤í¬ â€œì´ë²ˆì£¼ ì±—ë´‡ â€˜ê·¸ë¡â€™ ì†ŒìŠ¤ ê³µê°œâ€,http://imgnews.naver.net/image/032/2024/03/12/0003284087_001_20250515105614202.jpg,https://search.pstatic.net/common/?type=b150&src=http://imgnews.naver.net/image/032/2024/03/12/0003284087_001_20250515105614202.jpg,461,700
ë‚˜ë„ í•´ë”° ì±—ì§€í”¼í‹° ì§€ë¸Œë¦¬ - ì¸ìŠ¤í‹°ì¦ˆ(instiz) ì¼ìƒ ì¹´í…Œê³ ë¦¬ ë‚˜ë„ í•´ë”° ì±—ì§€í”¼í‹° ì§€ë¸Œë¦¬,http://file3.instiz.net/data/cached_img/upload/2025/03/30/19/82ca454162c4716d8d986d038cf33032.png,https://search.pstatic.net/sunny/?type=b150&src=http://file3.instiz.net/data/cached_img/upload/2025/03/30/19/82ca454162c4716d8d986d038cf33032.png,800,800
ì±—ì§€í”¼í‹° í”ŒëŸ¬ìŠ¤ 1ê°œì›” 3ê°œì›” 6ê°œì›”ì´ìš©ê¶Œ Chat GPT Plus ì‚¬ìš©ê¶Œ ê°œì¸ êµ¬ë…ê¶Œ  ì½˜í”½ : Maden,http://shop1.phinf.naver.net/20251016_231/1760593859839ePIrX_PNG/94726698969756725_1328262403.png,https://search.pstatic.net/common/?type=b150&src=http://shop1.phinf.naver.net/20251016_231/1760593859839ePIrX_PNG/94726698969756725_1328262403.png,1080,1080
ì±—ì§€í”¼í‹° ì´ë¯¸ì§€ ìƒì„± í¥ë¯¸ë¡œìš´ ë°œê²¬. - DogDrip.Net ê°œë“œë¦½,https://www.dogdrip.net/dvs/d/25/03/29/a5c38212e9a5678be909d420ec6f3953.png,https://search.pstatic.net/sunny/?type=b150&src=https://www.dogdrip.net/dvs/d/25/03/29/a5c38212e9a5678be909d420ec6f3953.png,935,850
15ì‚´ ì²­ì†Œë…„ì´ ì±—ì§€í”¼í‹° í™œìš©í•´ ì‘ë¬¸í•´ë³´ë‹ˆ,http://imgnews.naver.net/image/036/2023/03/20/0000047921_003_20230320144301215.jpg,https://search.pstatic.net/common/?type=b150&src=http://imgnews.naver.net/image/036/2023/03/20/0000047921_003_20230320144301215.jpg,433,800
ì±—ì§€í”¼í‹° ê·¸ë¦¼ (ìˆ˜ì •) | ë©”ì´í”Œ ì¸ë²¤,https://upload3.inven.co.kr/upload/2023/10/27/bbs/i13121766307.jpg?MW=800,https://search.pstatic.net/sunny/?type=b150&src=https://upload3.inven.co.kr/upload/2023/10/27/bbs/i13121766307.jpg?MW=800,750,800
[ìœ ë ˆì¹´] ì±—ì§€í”¼í‹°ì™€ ì„¸ê°€ì§€ ì†Œì›,http://imgnews.naver.net/image/028/2023/04/12/0002635511_001_20230413023901087.jpg,https://search.pstatic.net/common/?type=b150&src=http://imgnews.naver.net/image/028/2023/04/12/0002635511_001_20230413023901087.jpg,481,485
"ë„¤ì´ë²„ ì¸í”Œë£¨ì–¸ì„œ [ë„¤ì´ë²„ ì¸í”Œë£¨ì–¸ì„œ] ì±—ì§€í”¼í‹°ë¥¼ ì´ìš©í•œ í”½ì…€ìºë¦­í„°, í”¼ê·œì–´ ë°•ìŠ¤ ì´ë¯¸ì§€ ë³€í™˜ í”„ë¡¬í”„íŠ¸",https://dthumb-phinf.pstatic.net/?src=%22https://mblogthumb-phinf.pstatic.net/MjAyNTA0MDZfMjk4/MDAxNzQzOTMyMjQzNDgw.7li4BGUYlKX5EjSl5rWRDkB3rMA_OzEiLr11xwF4Y6Ug.fRZncZTjgyYzbhVUX_i0tmgyNDQiQwzL3gIQ6Sr-_5Qg.JPEG/bandicam_2025-04-06_18-37-19-312.jpg?type=w800%22&opts=2&twidth=700&theight=700,https://search.pstatic.net/sunny/?type=b150&src=https://dthumb-phinf.pstatic.net/?src=%22https://mblogthumb-phinf.pstatic.net/MjAyNTA0MDZfMjk4/MDAxNzQzOTMyMjQzNDgw.7li4BGUYlKX5EjSl5rWRDkB3rMA_OzEiLr11xwF4Y6Ug.fRZncZTjgyYzbhVUX_i0tmgyNDQiQwzL3gIQ6Sr-_5Qg.JPEG/bandicam_2025-04-06_18-37-19-312.jpg?type=w800%22&opts=2&twidth=700&theight=700,456,700
ì±—ì§€í”¼í‹° ì§€ê¸ˆ ë‹¹ì¥ ì‹œì‘í•˜ë¼ - í¬ëª½,https://static.cdn.kmong.com/gigs/7XH1o1684087400.jpg,https://search.pstatic.net/sunny/?type=b150&src=https://static.cdn.kmong.com/gigs/7XH1o1684087400.jpg,488,652
â€œë‹µë³€ ë¹ ë¥¸ ì±—ì§€í”¼í‹°â€¦ íŒ©íŠ¸ì²´í¬ì— ëª‡ ë°° ì‹œê°„ ë” ë²„ë ¤â€,http://imgnews.naver.net/image/028/2023/07/25/0002649608_001_20230726025306070.jpg,https://search.pstatic.net/common/?type=b150&src=http://imgnews.naver.net/image/028/2023/07/25/0002649608_001_20230726025306070.jpg,350,524
ë†€ëê³  ì–¼ë–¨ë–¨í•œ ì±—ì§€í”¼í‹°ì˜ ì„¸ê³„ [í¸ì§‘êµ­ì¥ì˜ í¸ì§€],http://imgnews.naver.net/image/308/2023/03/20/0000032377_001_20230320071101299.png,https://search.pstatic.net/common/?type=b150&src=http://imgnews.naver.net/image/308/2023/03/20/0000032377_001_20230320071101299.png,1024,1024
"ì±—ì§€í”¼í‹°, ìš°ë¦¬ì˜ í˜ë¥´ì†Œë‚˜ê°€ ë˜ì–´ê°„ë‹¤",https://img1.daumcdn.net/thumb/R1280x0.fpng/?fname=http://t1.daumcdn.net/brunch/service/user/aCui/image/nD0esIjAx4vd6YPX4J4n_HHMVVE.png,https://search.pstatic.net/sunny/?type=b150&src=https://img1.daumcdn.net/thumb/R1280x0.fpng/?fname=http://t1.daumcdn.net/brunch/service/user/aCui/image/nD0esIjAx4vd6YPX4J4n_HHMVVE.png,1024,1024
ë¸”ë¼ì¸ë“œ | ë¸”ë¼ë¸”ë¼: ì±—ì§€í”¼í‹° ì •ì‹ ìƒíƒœ ì™œì´ëŸ¼? ë¸”ë¼ë¸”ë¼: ì±—ì§€í”¼í‹° ì •ì‹ ìƒíƒœ ì™œì´ëŸ¼?,https://d2u3dcdbebyaiu.cloudfront.net/uploads/atch_img/328/56665f0214d82daf074bd0f294ba3c96_res.jpeg,https://search.pstatic.net/sunny/?type=b150&src=https://d2u3dcdbebyaiu.cloudfront.net/uploads/atch_img/328/56665f0214d82daf074bd0f294ba3c96_res.jpeg,1982,1170
ì±—ì§€í”¼í‹° ì–¼ë¹¡ìƒ·ë§Œ ì£¼ë©´ ë¯¸ë‚¨ìœ¼ë¡œ ê·¸ë ¤ì£¼ë„¤ - DogDrip.Net ê°œë“œë¦½,https://www.dogdrip.net/dvs/d/25/04/12/2d3ccd7275f499818dee3ece5efff333.png,https://search.pstatic.net/sunny/?type=b150&src=https://www.dogdrip.net/dvs/d/25/04/12/2d3ccd7275f499818dee3ece5efff333.png,2556,1179
ì–˜ë‘ë¼ ì±—ì§€í”¼í‹°ê°€ ë‚´ ê²Œì„ìºë¦­í„° ê·¸ë¦¼ê·¸ë´ì¤Œ - ì¸ìŠ¤í‹°ì¦ˆ(instiz) ì¼ìƒ ì¹´í…Œê³ ë¦¬ ì–˜ë‘ë¼ ì±—ì§€í”¼í‹°ê°€ ë‚´ ê²Œì„ìºë¦­í„° ê·¸ë¦¼ê·¸ë´ì¤Œ,http://file3.instiz.net/data/cached_img/upload/2025/02/11/0/7d7ed6946f29bea77d0ee777faf1586e.jpg,https://search.pstatic.net/sunny/?type=b150&src=http://file3.instiz.net/data/cached_img/upload/2025/02/11/0/7d7ed6946f29bea77d0ee777faf1586e.jpg,800,800
ì±„íŒ…ì°½ ë„ˆë¨¸ ì±—ì§€í”¼í‹°ì˜ ì´ë¦„ì„ ì°¾ì•„ì„œ,https://img1.daumcdn.net/thumb/R1280x0.fpng/?fname=http://t1.daumcdn.net/brunch/service/user/hbTE/image/IZw64l3r-vXcsoLM5nLi-l8o_Lg.png,https://search.pstatic.net/sunny/?type=b150&src=https://img1.daumcdn.net/thumb/R1280x0.fpng/?fname=http://t1.daumcdn.net/brunch/service/user/hbTE/image/IZw64l3r-vXcsoLM5nLi-l8o_Lg.png,1024,1024
ë”ì¿  - ì±—ì§€í”¼í‹° ì¸ì„±ë…¼ë€,https://img-cdn.theqoo.net/lvQxIj.jpg,https://search.pstatic.net/sunny/?type=b150&src=https://img-cdn.theqoo.net/lvQxIj.jpg,1146,893
ì›¹ì§„ ì¸ë²¤ : ì±—ì§€í”¼í‹° ìœ í–‰ì— íƒ‘ìŠ¹ - ì˜¤í”ˆì´ìŠˆê°¤ëŸ¬ë¦¬ ì±—ì§€í”¼í‹° ìœ í–‰ì— íƒ‘ìŠ¹,https://upload3.inven.co.kr/upload/2025/04/02/bbs/i1896373619.png?MW=800,https://search.pstatic.net/sunny/?type=b150&src=https://upload3.inven.co.kr/upload/2025/04/02/bbs/i1896373619.png?MW=800,1731,800
ì±—ì§€í”¼í‹°ê°€ ë‰´ìŠ¤ë¥¼ ê³µì§œë¡œ ê°–ë‹¤ ì“´ë‹¤?â€¦â€œëª…ë°±í•œ ì €ì‘ê¶Œ ì¹¨í•´â€,http://imgnews.naver.net/image/028/2023/09/04/0002655004_001_20230904103507083.jpg,https://search.pstatic.net/common/?type=b150&src=http://imgnews.naver.net/image/028/2023/09/04/0002655004_001_20230904103507083.jpg,1131,640
ëŒ“ê¸€ : ì±—ì§€í”¼í‹°ì—ê²Œ 'ëˆˆ'ì´ ìƒê¸´ë‹¤ê³ ? ë¯¸ë¦¬ë³´ëŠ” GPT4-Vì˜ ìš”ëª¨ì¡°ëª¨,https://scs-phinf.pstatic.net/MjAyMzEwMDFfMTg0/MDAxNjk2MTA1NzIxNTcz.wU7Yteu6oHh3dHtWjaSHZ8QhbeNrCUgF7ZBCAil1EHog.XGOVeYUhDFy-M73GGDQ6CQMF1SfoYuPDXH_85eegkRgg.JPEG/Absolute_Reality_v16_robot_with_eyes_and_mouth_0.jpg?type=w800,https://search.pstatic.net/sunny/?type=b150&src=https://scs-phinf.pstatic.net/MjAyMzEwMDFfMTg0/MDAxNjk2MTA1NzIxNTcz.wU7Yteu6oHh3dHtWjaSHZ8QhbeNrCUgF7ZBCAil1EHog.XGOVeYUhDFy-M73GGDQ6CQMF1SfoYuPDXH_85eegkRgg.JPEG/Absolute_Reality_v16_robot_with_eyes_and_mouth_0.jpg?type=w800,533,800
ì±—ì§€í”¼í‹° ëŒ€ë‹µí•˜ëŠ”ë²• - ë…¸ë˜ì—°ìŠµ ë§ˆì´ë„ˆ ê°¤ëŸ¬ë¦¬,https://i.ytimg.com/vi/HnvitMTkXro/maxresdefault.jpg,https://search.pstatic.net/sunny/?type=b150&src=https://i.ytimg.com/vi/HnvitMTkXro/maxresdefault.jpg,720,1280
ì±—ì§€í”¼í‹°(ChatGPT)ë¥¼ í™œìš©í•œ ë§ˆì¼€íŒ… í˜ì‹ : ê´‘ê³ ë¶€í„° ë°ì´í„° ë¶„ì„ê¹Œì§€... ì•„ì´ë³´ìŠ¤ ì±—ì§€í”¼í‹°(ChatGPT)ë¥¼ í™œìš©í•œ ë§ˆì¼€íŒ… í˜ì‹ : ê´‘ê³ ë¶€í„° ë°ì´í„°... ,https://cdn.ibos.kr/design/upload_file/__HTMLEDITOR__/vo48VqkhNb/DXA3VCCTZO7V1EFHOJ56RZ5M1KG1KEXWCZLTDX6U_1741689819550811.png,https://search.pstatic.net/sunny/?type=b150&src=https://cdn.ibos.kr/design/upload_file/__HTMLEDITOR__/vo48VqkhNb/DXA3VCCTZO7V1EFHOJ56RZ5M1KG1KEXWCZLTDX6U_1741689819550811.png,595,654
ë©”ì´í”ŒìŠ¤í† ë¦¬ ì¸ë²¤ : ì±— ì§€í”¼í‹°ê°€ ë³´ëŠ” í”Œìœ„ - ë©”ì´í”ŒìŠ¤í† ë¦¬ ì¸ë²¤ ë§ˆë²•ì‚¬ ì§ì—…ê²Œì‹œíŒ ì±— ì§€í”¼í‹°ê°€ ë³´ëŠ” í”Œìœ„,https://upload3.inven.co.kr/upload/2025/05/21/bbs/i1176824336.png?MW=800,https://search.pstatic.net/sunny/?type=b150&src=https://upload3.inven.co.kr/upload/2025/05/21/bbs/i1176824336.png?MW=800,477,800
[í•´ì™¸] ì±—ì§€í”¼í‹° Pro 1ê³„ì • êµ¬ë§¤ëŒ€í–‰ ( ChatGPT Pro 1ê³„ì • 6 months ) : ëª¨ë…¸í”„ë¡œ,http://shop1.phinf.naver.net/20250519_8/1747632868114bTXtg_JPEG/2278563123009329_1676035086.jpg,https://search.pstatic.net/common/?type=b150&src=http://shop1.phinf.naver.net/20250519_8/1747632868114bTXtg_JPEG/2278563123009329_1676035086.jpg,500,500
ì±—ì§€í”¼í‹° ë¬´ë£Œ ì„¤ì¹˜,https://img1.daumcdn.net/thumb/R1280x0.fpng/?fname=http://t1.daumcdn.net/brunch/service/user/fdxK/image/lyvgQvFVU4QO8HRQOZbzL_hp8vs.png,https://search.pstatic.net/sunny/?type=b150&src=https://img1.daumcdn.net/thumb/R1280x0.fpng/?fname=http://t1.daumcdn.net/brunch/service/user/fdxK/image/lyvgQvFVU4QO8HRQOZbzL_hp8vs.png,507,817
[í•´ì™¸] ì±—GPT4 ì±—ì§€í”¼í‹° 12ê°œì›” (ChatGPT) Plus êµ¬ë§¤ëŒ€í–‰ AI_EDU : Ai Edu Lab,http://shop1.phinf.naver.net/20250504_137/1746316222743GUioT_PNG/406651790849940_278539687.png,https://search.pstatic.net/common/?type=b150&src=http://shop1.phinf.naver.net/20250504_137/1746316222743GUioT_PNG/406651790849940_278539687.png,1847,1787
ì±—ì§€í”¼í‹° ê·¸ë¦¼ ê¸°ëŠ¥ ë³„ê²Œ ë‹¤ ë˜ë„¤ ã…‹ã…‹ã…‹ã…‹ã…‹,https://i3.ruliweb.com/img/25/03/26/195d1a7d78058070a.png,https://search.pstatic.net/sunny/?type=b150&src=https://i3.ruliweb.com/img/25/03/26/195d1a7d78058070a.png,900,900
ì±—ì§€í”¼í‹°ëŠ” ê³µê¸‰ë§ê´€ë¦¬ì™€ ë¬¼ë¥˜ì— ë„ì›€ì´ ë ê¹Œìš”? ì±—ì§€í”¼í‹°ëŠ” ê³µê¸‰ë§ê´€ë¦¬ì™€  ë¬¼ë¥˜ì— ë„ì›€ì´ ë ê¹Œìš”?,https://img1.daumcdn.net/thumb/R1280x0.fjpg/?fname=http://t1.daumcdn.net/brunch/service/user/v5W/image/OqLHfxgTYluOkW1ApAt5QxlDoMU.jpg,https://search.pstatic.net/sunny/?type=b150&src=https://img1.daumcdn.net/thumb/R1280x0.fjpg/?fname=http://t1.daumcdn.net/brunch/service/user/v5W/image/OqLHfxgTYluOkW1ApAt5QxlDoMU.jpg,576,1024
"PCì—ì„œ ì±—ì§€í”¼í‹° í•œê¸€, ì¸ê³µì§€ëŠ¥ ì±—ë´‡ - Genie ë¬´ë£Œ ë‹¤ìš´ë¡œë“œ",https://play-lh.googleusercontent.com/E-AfYyUeMHxRmZqAnAGefMQhiVq8nEtF1yX1xKwG7CsEpi7FX9x4xwgwQy2QSeosKm4,https://search.pstatic.net/sunny/?type=b150&src=https://play-lh.googleusercontent.com/E-AfYyUeMHxRmZqAnAGefMQhiVq8nEtF1yX1xKwG7CsEpi7FX9x4xwgwQy2QSeosKm4,512,512
"ì˜¤í”ˆAI, 'ì±—GPT' ìƒì„± í…ìŠ¤íŠ¸ ê°ì§€ ë„êµ¬ ì¶œì‹œ...ì •ë‹µë¥ ì€ 26%ì— ë¶ˆê³¼",http://imgnews.naver.net/image/5746/2023/02/01/0000087253_001_20230201135803015.png,https://search.pstatic.net/common/?type=b150&src=http://imgnews.naver.net/image/5746/2023/02/01/0000087253_001_20230201135803015.png,427,640
ì±— ì§€í”¼í‹°ê°€ ê·¸ë¦° ë³¸ì¸ ëª¨ìŠµ - ì¸ìŠ¤í‹°ì¦ˆ(instiz) ì¼ìƒ ì¹´í…Œê³ ë¦¬ ì±— ì§€í”¼í‹°ê°€ ê·¸ë¦° ë³¸ì¸ ëª¨ìŠµ,http://file3.instiz.net/data/cached_img/upload/2024/10/13/20/6130cb03cfa46691686cd4d019824e93.jpg,https://search.pstatic.net/sunny/?type=b150&src=http://file3.instiz.net/data/cached_img/upload/2024/10/13/20/6130cb03cfa46691686cd4d019824e93.jpg,800,800
ì±—ì§€í”¼í‹° ì§€ë¸Œë¦¬ | ì§€ë¸Œë¦¬ ìƒì„± ê°‘ìê¸° ë§‰íˆëŠ” ì´ìœ ëŠ”? ì§€ë¸Œë¦¬ai í•˜ëŠ”ë²•&ì§€ë¸Œë¦¬AIë¬´ë£Œ&ê²½ìŸì œí’ˆ ë¹„êµ,https://ak-d.tripcdn.com/images/1mj2r12000jh0wp1dF8E3_Z_640_10000_R5.png_.webp?proc=autoorient&proc=source%2Ftrip,https://search.pstatic.net/sunny/?type=b150&src=https://ak-d.tripcdn.com/images/1mj2r12000jh0wp1dF8E3_Z_640_10000_R5.png_.webp?proc=autoorient&proc=source%2Ftrip,500,500
ë¶€íŠ¸ìº í”„ ğŸ•ï¸ _ Figma í™œìš©ë²• (2),https://velog.velcdn.com/images/neojin/post/ea8772ff-656d-4b2c-b659-33a4cf8912cf/image.png,https://search.pstatic.net/sunny/?type=b150&src=https://velog.velcdn.com/images/neojin/post/ea8772ff-656d-4b2c-b659-33a4cf8912cf/image.png,500,740
[ì—¬ì„±] ì»¬ëŸ¬ë¯¹ìŠ¤ ì›ì‚¬ íŠ¸ì„ ëª¨ì (T164MCP233W)/ ì¨ìŠ¤ë°ì´ì•„ì¼ëœë“œ VIP : ë¡¯ë°ë°±í™”ì -ë³¸ì ,http://shop1.phinf.naver.net/20160325_25/nmp_1458866219441dbLhw_JPEG/137419389743896705_-2036983465.jpg,https://search.pstatic.net/common/?type=b150&src=http://shop1.phinf.naver.net/20160325_25/nmp_1458866219441dbLhw_JPEG/137419389743896705_-2036983465.jpg,780,780
ì±—ì§€í”¼í‹° ë¯¸ì³¤ë‹¤.,https://img1.daumcdn.net/thumb/R1280x0.fwebp/?fname=http://t1.daumcdn.net/brunch/service/user/ggV8/image/B_jZT1MC1FctFfJdEBJyEeNpQ-c,https://search.pstatic.net/sunny/?type=b150&src=https://img1.daumcdn.net/thumb/R1280x0.fwebp/?fname=http://t1.daumcdn.net/brunch/service/user/ggV8/image/B_jZT1MC1FctFfJdEBJyEeNpQ-c,1536,1024
"ìì‹ ì˜ ê³„ì •ì—ì„œ ì±—ì§€í”¼í‹° í”ŒëŸ¬ìŠ¤(Chat gpt plus) ë‹¨ë… ì‚¬ìš©, 3ê°œì›” ì´ìƒ ì‚¬ìš© : ì†Œì…œíŠœë¸Œ",http://shop1.phinf.naver.net/20250907_288/1757249511340CWFWK_PNG/74256005076515103_95192514.png,https://search.pstatic.net/common/?type=b150&src=http://shop1.phinf.naver.net/20250907_288/1757249511340CWFWK_PNG/74256005076515103_95192514.png,1536,1024
aiì±—ì§€í”¼í‹°í•œí…Œ ë‚´ ì…€ì¹´ ë³´ì—¬ì£¼ë©´ì„œ ì´ê±° ì—¬ëŸ¬ê°€ì§€ ê·¸ë¦¼ì²´ë¡œ ê·¸ë ¤ë³´ë¬ìŒ,https://i1.ruliweb.com/img/25/03/26/195d1bbd18f4a5b07.png,https://search.pstatic.net/sunny/?type=b150&src=https://i1.ruliweb.com/img/25/03/26/195d1bbd18f4a5b07.png,900,900
"ì˜¤í”ˆAIÂ·MIT ì—°êµ¬ â€œì±—ì§€í”¼í‹° ë§ì´ ì“°ëŠ” ì‚¬ëŒ, ì™¸ë¡œì›€ ë” ëŠê»´â€",http://imgnews.naver.net/image/028/2025/03/26/0002737646_002_20250326162006420.jpg,https://search.pstatic.net/common/?type=b150&src=http://imgnews.naver.net/image/028/2025/03/26/0002737646_002_20250326162006420.jpg,700,970
ë¬´ì„œìš´ ì±—ì§€í”¼í‹° ê°€ì§€ê³  ë†€ê¸° - ì„¸ë¦¬ì—ë§¤ë‹ˆì•„,https://cdn.mania.kr/serieamania/file/2503/freetalk_15688293_20250329224740_bf0d66fe71239156_thumb.jpg,https://search.pstatic.net/sunny/?type=b150&src=https://cdn.mania.kr/serieamania/file/2503/freetalk_15688293_20250329224740_bf0d66fe71239156_thumb.jpg,660,660
"ì•„ì‹œì•„ íˆ¬ììì—ê²Œ ë¬¼ì–´ë³´ë‹ˆ.. ""ì±—GPT íˆ¬ìì¡°ì–¸, ë„ì›€ì•ˆë¼""",http://imgnews.naver.net/image/029/2023/05/10/0002799726_001_20230510134001139.jpg,https://search.pstatic.net/common/?type=b150&src=http://imgnews.naver.net/image/029/2023/05/10/0002799726_001_20230510134001139.jpg,304,540
ê¶ê¸ˆí•œ ì´ì•¼ê¸°Yê¸° : í†µí•©ê²€ìƒ‰ : SBS SBS,https://img.sbs.co.kr/newimg/news/20240124/201886362.jpg,https://search.pstatic.net/sunny/?type=b150&src=https://img.sbs.co.kr/newimg/news/20240124/201886362.jpg,1080,1920
ì±—ì§€í”¼í‹° ì‹¬ìŠ¨ ìŠ¤íƒ€ì¼ë¡œá†¢ ì¬ë¯¸ì‚¼ì•„ á†¢ ã… | ì¤‘ê³ ì•…ê¸° ë®¬,https://cdn.mule.co.kr/data/thumb/2025/04/02/ac5dbe10-0f8f-11f0-a7ae-49123f045452.png,https://search.pstatic.net/sunny/?type=b150&src=https://cdn.mule.co.kr/data/thumb/2025/04/02/ac5dbe10-0f8f-11f0-a7ae-49123f045452.png,1000,1000
Chat GPT (ì±— ì§€í”¼í‹°) PPT ë°°ê²½,https://yimgf-thinkzon.yesform.com/docimgs/public/1/65/64753/64752254.jpg,https://search.pstatic.net/sunny/?type=b150&src=https://yimgf-thinkzon.yesform.com/docimgs/public/1/65/64753/64752254.jpg,2250,4000
ë¨¸ì‹ ëŸ¬ë‹ì„ ì•Œì•„ì•¼ ì±—ì§€í”¼í‹° ì‘ë™ ì›ë¦¬ê°€ ë³´ì¸ë‹¤,http://imgnews.naver.net/image/308/2023/03/29/0000032427_004_20230329072308396.jpg,https://search.pstatic.net/common/?type=b150&src=http://imgnews.naver.net/image/308/2023/03/29/0000032427_004_20230329072308396.jpg,579,960
ë‚ ë§ˆë‹¤ ë¹„ì²˜ëŸ¼ ìŸì•„ì§€ëŠ” ìƒˆ ì½˜í…ì¸ â€¦â€˜ê³¼ì‰ ì†Œë¹„â€™ê°€ ì¼ì´ë¼ë©´? [.txt],http://imgnews.naver.net/image/028/2025/04/20/0002741758_001_20250420093410857.jpg,https://search.pstatic.net/common/?type=b150&src=http://imgnews.naver.net/image/028/2025/04/20/0002741758_001_20250420093410857.jpg,647,970
ë‚œ ì±—ì§€í”¼í‹° ê·¸ëƒ¥ ì´ëŸ¬ê³  ë…¸ëŠ” ë°ì— ì“°ëŠ”ë°.twt - [ì´ìŠˆ] ëª©ìš•íƒ• ì •ë³´í†µ - ìš°ë¦¬ ë™ë„¤ ëª©ìš•íƒ• ë‚œ ì±—ì§€í”¼í‹° ê·¸ëƒ¥ ì´ëŸ¬ê³  ë…¸ëŠ” ë°ì— ì“°ëŠ”ë°.twt,https://t1.daumcdn.net/cafeattach/1ZL5Z/f62711b9656fb7db5d2dba7ac22ef1fe4644c628,https://search.pstatic.net/sunny/?type=b150&src=https://t1.daumcdn.net/cafeattach/1ZL5Z/f62711b9656fb7db5d2dba7ac22ef1fe4644c628,1088,750
"ë¡œë´‡, ai, ì±—ë´‡, ì±—ì§€í”¼í‹°, ì¸ê³µì§€ëŠ¥, ì‚¬ì§„,ì´ë¯¸ì§€,ì¼ëŸ¬ìŠ¤íŠ¸,ìº˜ë¦¬ê·¸ë¼í”¼ - fopinsì‘ê°€ í¬ë¼ìš°ë“œí”½ - ì €ì‘ê¶Œ ê±±ì • ì—†ëŠ” ìƒì—…ìš© ì´ë¯¸ì§€",https://cdn.crowdpic.net/detail-thumb/thumb_d_E7AB0308F5485C998422D355503D590A.png,https://search.pstatic.net/sunny/?type=b150&src=https://cdn.crowdpic.net/detail-thumb/thumb_d_E7AB0308F5485C998422D355503D590A.png,650,544
ì±—ì§€í”¼í‹°ì— ë§Œí™”ê·¸ë ¤ì£¼ê¸°ê°€ ìƒê²¼ë‹¤ê¸¸ë˜ - ì»¤ë®¤ë‹ˆí‹° ê²Œì‹œíŒ - ê¸°ê¸€í•˜ë“œì›¨ì–´,https://img.gigglehd.com/gg/files/attach/images/158/753/258/017/070d7f9886473a116663e6edbd2de56b.jpeg,https://search.pstatic.net/sunny/?type=b150&src=https://img.gigglehd.com/gg/files/attach/images/158/753/258/017/070d7f9886473a116663e6edbd2de56b.jpeg,1612,1281
(ì…€í”„ì§„ì¶œ) ì±—ì§€í”¼í‹° ì£½ì–´ë„ ë§ ì•ˆë“£ëŠ” ë‹¬ê¸€ - ë©”ì´ë“œë°”ì´ì—¬ì‹œ... ì°¨ë¶„í•œ 20ëŒ€ë“¤ì˜ ì•Œí ë‹¤ìš´ ê³µê°„ (ì…€í”„ì§„ì¶œ) ì±—ì§€í”¼í‹° ì£½ì–´ë„ ë§ ì•ˆë“£ëŠ” ë‹¬ê¸€,https://t1.daumcdn.net/cafeattach/1IHuH/32c31dd0351abb36dd0e460ea052d3a0f8a2434a,https://search.pstatic.net/sunny/?type=b150&src=https://t1.daumcdn.net/cafeattach/1IHuH/32c31dd0351abb36dd0e460ea052d3a0f8a2434a,1079,1054
CU-Boulder Timothy X Brown Interdisciplinary Telecommunications Electrical and Computer Engineering University of Colorado... ,https://images.slideplayer.com/22/6334879/slides/slide_3.jpg,https://search.pstatic.net/sunny/?type=b150&src=https://images.slideplayer.com/22/6334879/slides/slide_3.jpg,720,960
[ì¡ë‹´] ì±—ì§€í”¼í‹°ë¡œ ë³¸ì§„ì‚¬ì§„ ë¯¼í™”ë²„ì „ìœ¼ë¡œ ë°”ê¿¨ëŠ”ë° ë„ˆë¬´í•´... ì¼ìƒ ì¹´í…Œê³ ë¦¬ ì±—ì§€í”¼í‹°ë¡œ ë³¸ì§„ì‚¬ì§„ ë¯¼í™”ë²„ì „ìœ¼ë¡œ ë°”ê¿¨ëŠ”ë° ë„ˆë¬´í•´ ã…‹ã…‹ã…‹ã…‹ã…‹,http://file3.instiz.net/data/cached_img/upload/2025/04/08/2/69ec6c9d7d32e8ca6750f156e2868383.png,https://search.pstatic.net/sunny/?type=b150&src=http://file3.instiz.net/data/cached_img/upload/2025/04/08/2/69ec6c9d7d32e8ca6750f156e2868383.png,1200,800
ì±—ì§€í”¼í‹°ì•¼ ë‚˜ë‘ 30ë…„ ë„˜ê²Œ í•¨ê»˜ ì ë“œëŠ” ê³°ì¸í˜•ì„ ì‚¬ëŒìœ¼ë¡œ... jpg - ì¸ìŠ¤í‹°ì¦ˆ(instiz) ì´ìŠˆ ì¹´í…Œê³ ë¦¬ ì±—ì§€í”¼í‹°ì•¼ ë‚˜ë‘ 30ë…„ ë„˜ê²Œ í•¨ê»˜ ì ë“œëŠ”... ,http://file3.instiz.net/data/file3/2025/04/09/a/f/9/af9a0badcb89399da1ea911515933b54.jpg,https://search.pstatic.net/sunny/?type=b150&src=http://file3.instiz.net/data/file3/2025/04/09/a/f/9/af9a0badcb89399da1ea911515933b54.jpg,1181,1206
"ë„¤ì´ë²„ ì¸í”Œë£¨ì–¸ì„œ [ë„¤ì´ë²„ ì¸í”Œë£¨ì–¸ì„œ] ì‹ ë…„ ì‚¬ì£¼, ì±—ì§€í”¼í‹°ê°€ ë‹µì´ë‹¤",https://influencer-phinf.pstatic.net/MjAyNDEyMjdfOTYg/MDAxNzM1MzA0OTA1ODQ2.G11K2Escsjbn2DEsBrRwy_XkPVCk2My9g589kpoMQLAg.Fg51VZFS_qnRlNhW-wslwJ7cYS765cz2q4GqzDqFo9Mg.PNG/5fd4.png?type=w700,https://search.pstatic.net/sunny/?type=b150&src=https://influencer-phinf.pstatic.net/MjAyNDEyMjdfOTYg/MDAxNzM1MzA0OTA1ODQ2.G11K2Escsjbn2DEsBrRwy_XkPVCk2My9g589kpoMQLAg.Fg51VZFS_qnRlNhW-wslwJ7cYS765cz2q4GqzDqFo9Mg.PNG/5fd4.png?type=w700,700,700
ë”ì¿  - ì±—ì§€í”¼í‹° ìš°ë¦¬ ê°•ì•„ì§€ ì‚¬ëŒ ëª¨ìŠµìœ¼ë¡œ ë§Œë“¤ì–´ì¤˜,https://imagedelivery.net/ISo6CJNY0e5_7mxZ2B_Wzg/1fad5276-683b-40b3-0b41-19af7c59a201/public?exp=1744278895&sig=516ef1dc4a2930c756764dc5c058e571a759d6ac92e7c90a8a2f65d66fe0d884,https://search.pstatic.net/sunny/?type=b150&src=https://imagedelivery.net/ISo6CJNY0e5_7mxZ2B_Wzg/1fad5276-683b-40b3-0b41-19af7c59a201/public?exp=1744278895&sig=516ef1dc4a2930c756764dc5c058e571a759d6ac92e7c90a8a2f65d66fe0d884,1536,1024
ì±—ì§€í”¼í‹° ì¸ê³µì§€ëŠ¥ ì™•ì´ˆë³´ ê°€ì´ë“œë¶ - í¬ëª½,https://static.cdn.kmong.com/gigs/LuISH1687261124.jpg,https://search.pstatic.net/sunny/?type=b150&src=https://static.cdn.kmong.com/gigs/LuISH1687261124.jpg,488,652
"ì„¸ì¢…ì‹œë¦½ë„ì„œê´€, AIí™œìš© êµ­ë‚´ ì²« ì¸ê³µì§€ëŠ¥ë™í™”ì±… ì œì‘ 'ëˆˆê¸¸'",http://imgnews.naver.net/image/5231/2023/04/30/0000359334_001_20230430144401452.jpg,https://search.pstatic.net/common/?type=b150&src=http://imgnews.naver.net/image/5231/2023/04/30/0000359334_001_20230430144401452.jpg,419,648
ì €ë„ ì¼ìƒì‚¬ì§„ ì±—ì§€í”¼í‹° ë¦¬í„°ì¹­ : í´ë¦¬ì•™,https://edgio.clien.net/F01/15380769/53f1e4963a2e17.webp?scale=width:740,https://search.pstatic.net/sunny/?type=b150&src=https://edgio.clien.net/F01/15380769/53f1e4963a2e17.webp?scale=width:740,740,740
ì±—ì§€í”¼í‹°ê°€ ë§í–ˆë‹¤ | ë£¨ì•„ë‚˜ | ì•Œë¼ë”˜ ì±—ì§€í”¼í‹°ê°€ ë§í–ˆë‹¤ | ë£¨ì•„ë‚˜,https://image.aladin.co.kr/product/31673/14/cardview/K002833673_t11.jpg,https://search.pstatic.net/sunny/?type=b150&src=https://image.aladin.co.kr/product/31673/14/cardview/K002833673_t11.jpg,1080,1080
"ì˜¤í”ˆAI, â€˜ì±—GPT ì—ì´ì „íŠ¸â€™ ê³µê°œâ€¦ ì¼ì • í™•ì¸Â·ì˜ˆì•½ â€˜ì§ì ‘ ì‹¤í–‰â€™",http://imgnews.naver.net/image/117/2025/07/18/0003966067_001_20250718091009302.jpg,https://search.pstatic.net/common/?type=b150&src=http://imgnews.naver.net/image/117/2025/07/18/0003966067_001_20250718091009302.jpg,427,640
"[ë¬´ë¹™] AIì‹œëŒ€, ì±—ì§€í”¼í‹°ì™€ ë”¥ì‹œí¬ ì¤‘ ""ë­˜ ì¨ì•¼í• ê¹Œ""Â·Â·Â·ì§ì ‘ ì§ˆë¬¸í•´ ë´¤ë‹¤",http://imgnews.naver.net/image/5323/2025/02/20/738772_20250220145617124.jpg,https://search.pstatic.net/common/?type=b150&src=http://imgnews.naver.net/image/5323/2025/02/20/738772_20250220145617124.jpg,4500,4500
"ì±—GPT, ì´ë¯¸ ì˜¨ ë¯¸ë˜ : ì•Œë¼ë”˜",https://image.aladin.co.kr/product/32220/56/cover500/k882834628_1.jpg,https://search.pstatic.net/sunny/?type=b150&src=https://image.aladin.co.kr/product/32220/56/cover500/k882834628_1.jpg,751,500
ì±—gpt ChatGPT  í‰ìƒíšŒì›ê¶Œ ê³µìœ ê³„ì • í”ŒëŸ¬ìŠ¤  ì±—ì§€í”¼í‹°+  ChatGPT+  ì³‡ gpt ë°ì¼ : í…Œí¬ë„ˆë¦¬ ë§ˆì¼“,http://shop1.phinf.naver.net/20250705_79/1751713289267fFOd5_JPEG/865645406023410_1668707184.jpeg,https://search.pstatic.net/common/?type=b150&src=http://shop1.phinf.naver.net/20250705_79/1751713289267fFOd5_JPEG/865645406023410_1668707184.jpeg,512,512
ë„¤ì´ë²„ ì¸í”Œë£¨ì–¸ì„œ [ë„¤ì´ë²„ ì¸í”Œë£¨ì–¸ì„œ] ì¡°ë ¨ ì œëŒ€ë¡œ ë°›ì€ ì±—ì§€í”¼í‹°,https://dthumb-phinf.pstatic.net/?src=%22https://mblogthumb-phinf.pstatic.net/MjAyNDExMzBfMjg2/MDAxNzMyOTM5OTMwNzgz.1wkGMMwSyGS2h2UIHGH5kCKfOiPXSqfeYKKW3lLglfkg.Qzy_GbdsZmy3yiR9NZyImSgjHkw1vbXL7q5Im2IcSI0g.PNG/image.png?type=w800%22&opts=2&twidth=700&theight=700,https://search.pstatic.net/sunny/?type=b150&src=https://dthumb-phinf.pstatic.net/?src=%22https://mblogthumb-phinf.pstatic.net/MjAyNDExMzBfMjg2/MDAxNzMyOTM5OTMwNzgz.1wkGMMwSyGS2h2UIHGH5kCKfOiPXSqfeYKKW3lLglfkg.Qzy_GbdsZmy3yiR9NZyImSgjHkw1vbXL7q5Im2IcSI0g.PNG/image.png?type=w800%22&opts=2&twidth=700&theight=700,483,494
ì§€ë¸Œë¦¬ ìŠ¤íƒ€ì¼ ì±—gpt ì§€í”¼í‹° ì‚¬ì§„ í•„í„° ë³€í™˜ : 109ë””ìì¸,http://shop1.phinf.naver.net/20250403_289/1743651958547voUdA_JPEG/16160185393552230_1676334630.jpeg,https://search.pstatic.net/common/?type=b150&src=http://shop1.phinf.naver.net/20250403_289/1743651958547voUdA_JPEG/16160185393552230_1676334630.jpeg,1250,1284
ì›¹ì§„ ì¸ë²¤ : ì±—ì§€í”¼í‹°ì—ê²Œ ì•„ì´ìœ ë¥¼ ê·¸ë ¤ë‹¬ë¼ê³  í•´ë´¤ë‹¤! - ì˜¤í”ˆì´ìŠˆê°¤ëŸ¬ë¦¬ ì±—ì§€í”¼í‹°ì—ê²Œ ì•„ì´ìœ ë¥¼ ê·¸ë ¤ë‹¬ë¼ê³  í•´ë´¤ë‹¤!,https://upload3.inven.co.kr/upload/2025/04/03/bbs/i1322258401.png?MW=800,https://search.pstatic.net/sunny/?type=b150&src=https://upload3.inven.co.kr/upload/2025/04/03/bbs/i1322258401.png?MW=800,1200,800
ì±—ì§€í”¼í‹° - velog,https://velog.velcdn.com/images/lee_seolhui/post/9fe0cf36-72ea-4842-9fbb-c4cd30b8bdef/image.png,https://search.pstatic.net/sunny/?type=b150&src=https://velog.velcdn.com/images/lee_seolhui/post/9fe0cf36-72ea-4842-9fbb-c4cd30b8bdef/image.png,664,1598
"Tasty Pizza Illustration Italian Pizza Icon ë¡œì—´í‹° ë¬´ë£Œ ì‚¬ì§„, ê·¸ë¦¼, ì´ë¯¸ì§€ ê·¸ë¦¬ê³  ìŠ¤í†¡í¬í† ê·¸ë˜í”¼. Image 153268139 Tasty... ",https://us.123rf.com/450wm/vbrand/vbrand2008/vbrand200800056/153268139-tasty-pizza-illustration-italian-pizza-icon.jpg,https://search.pstatic.net/sunny/?type=b150&src=https://us.123rf.com/450wm/vbrand/vbrand2008/vbrand200800056/153268139-tasty-pizza-illustration-italian-pizza-icon.jpg,450,450
ì™€ ë‚¨í¸ì´ë‘ ì°ì€ ì‚¬ì§„ ì±—ì§€í”¼í‹°í•œí…Œ ì§€ë¸Œë¦¬ ìŠ¤íƒ€ì¼ë¡œ í•´ë‹¬ë¼ê³ ... ì™€ ë‚¨í¸ì´ë‘ ì°ì€ ì‚¬ì§„ ì±—ì§€í”¼í‹°í•œí…Œ ì§€ë¸Œë¦¬ ìŠ¤íƒ€ì¼ë¡œ í•´ë‹¬ë¼ê³  í•˜ë‹ˆê¹Œ,http://file3.instiz.net/data/cached_img/upload/2025/03/28/10/fad1c517897173576b3e4c7207cef519.png,https://search.pstatic.net/sunny/?type=b150&src=http://file3.instiz.net/data/cached_img/upload/2025/03/28/10/fad1c517897173576b3e4c7207cef519.png,1200,800
ì±— ì§€í”¼í‹° ë°”ë³´ë„¤ - ì¸ìŠ¤í‹°ì¦ˆ(instiz) ì¼ìƒ ì¹´í…Œê³ ë¦¬ ì±— ì§€í”¼í‹° ë°”ë³´ë„¤,http://file3.instiz.net/data/cached_img/upload/2024/02/11/2/4617cfa7b7a46b9366a7c40814d21307.jpg,https://search.pstatic.net/sunny/?type=b150&src=http://file3.instiz.net/data/cached_img/upload/2024/02/11/2/4617cfa7b7a46b9366a7c40814d21307.jpg,1732,800
ì±— ì§€í”¼í‹° ê·¸ë¦¼ ê·¸ë¦¬ê¸° ì¬ë¯¸ìˆì–´ìš”. - DVDPrime,https://cdn.mania.kr/dvdprime/file/2504/comm_28764545_20250401151926_51c44e51b679c893_thumb.jpg,https://search.pstatic.net/sunny/?type=b150&src=https://cdn.mania.kr/dvdprime/file/2504/comm_28764545_20250401151926_51c44e51b679c893_thumb.jpg,990,660
[ì¤‘ê³ ìƒµ] ì±—ì§€í”¼í‹°ê°€ ë§í–ˆë‹¤ - ì˜ˆìŠ¤24 [ì¤‘ê³ ìƒµ]ì±—ì§€í”¼í‹°ê°€ ë§í–ˆë‹¤ - ì˜ˆìŠ¤24,https://image.yes24.com/goods/142228549/XL,https://search.pstatic.net/sunny/?type=b150&src=https://image.yes24.com/goods/142228549/XL,600,600
ë¶€ëª¨ê°€ ì‘ë‹µ ë°©ì‹ ìœ ë„â€¦ '18ì„¸ ë¯¸ë§Œ ì „ìš©' ì±—GPT ì´ë‹¬ ë§ ì¶œì‹œ,http://imgnews.naver.net/image/654/2025/09/17/0000142327_001_20250917090508356.jpg,https://search.pstatic.net/common/?type=b150&src=http://imgnews.naver.net/image/654/2025/09/17/0000142327_001_20250917090508356.jpg,333,500
"ì±—GPT, í•œêµ­ë§ ì¢€ ëŠ˜ì—ˆë„¤â€¦ì œì£¼ ì‚¬íˆ¬ë¦¬ë„ ìœ ì°½í•˜ê²Œ",http://imgnews.naver.net/image/028/2024/09/25/0002708583_001_20240925145410980.jpg,https://search.pstatic.net/common/?type=b150&src=http://imgnews.naver.net/image/028/2024/09/25/0002708583_001_20240925145410980.jpg,485,590
ì±—ì§€í”¼í‹° ë“± ìƒì„±AIê°€ ë‹¹ê¸´ ë°©ì•„ì‡ _ë¬¼ë¥˜ í¸,https://img1.daumcdn.net/thumb/R1280x0.fpng/?fname=http://t1.daumcdn.net/brunch/service/user/v5W/image/jCt64iHvGlv8vYuAaqlUbTwlk4M.png,https://search.pstatic.net/sunny/?type=b150&src=https://img1.daumcdn.net/thumb/R1280x0.fpng/?fname=http://t1.daumcdn.net/brunch/service/user/v5W/image/jCt64iHvGlv8vYuAaqlUbTwlk4M.png,720,1280
"â€œí˜•ë‹˜! ë”¥ì‹œí¬ë¥¼ ì €ë‘ ë¹„êµí•˜ë‹¤ë‹ˆ, ë„ˆë¬´í•˜ì‹­ë‹ˆë‹¤â€ GPT ëŠ¥ì²­ ë‹µë³€",http://imgnews.naver.net/image/028/2025/01/28/0002728636_001_20250128235614691.jpg,https://search.pstatic.net/common/?type=b150&src=http://imgnews.naver.net/image/028/2025/01/28/0002728636_001_20250128235614691.jpg,298,970
ì±—ì§€í”¼í‹°ì—ê²Œ ê°ë™ë°›ì€ íŠ¸ìœ„í„°ë¦¬ì•ˆ - ì•…í”Œë‹¬ë©´ ì©Œë¦¬ì©Œë ¤ë²„ë ¤ - ï¼Šì—¬ì„±ì‹œëŒ€ï¼Š ì°¨ë¶„í•œ 20ëŒ€ë“¤ì˜ ì•Œí ë‹¤ìš´ ê³µê°„ ì±—ì§€í”¼í‹°ì—ê²Œ ê°ë™ë°›ì€ íŠ¸ìœ„í„°ë¦¬ì•ˆ,https://t1.daumcdn.net/cafeattach/1IHuH/58fe1b0e8e05085d0085c175ba880607a6cf9116,https://search.pstatic.net/sunny/?type=b150&src=https://t1.daumcdn.net/cafeattach/1IHuH/58fe1b0e8e05085d0085c175ba880607a6cf9116,1519,1290
"ì±—GPT, ì§‘ì „í™”Â·ì™“ì¸ ì•±ìœ¼ë¡œ ì“´ë‹¤â€¦â€œë¯¸êµ­ì„œ ë§¤ë‹¬ 15ë¶„ ë¬´ë£Œ í†µí™”â€",http://imgnews.naver.net/image/028/2024/12/19/0002722640_001_20241220023225906.jpg,https://search.pstatic.net/common/?type=b150&src=http://imgnews.naver.net/image/028/2024/12/19/0002722640_001_20241220023225906.jpg,439,781
ì±—ì§€í”¼í‹° ì…€ì¹´ ì§€ë¸Œë¦¬ë¡œ ë°”ê¾¸ëŠ”ê±° êµ¬ã…¡ì—½ë‹¤... - ì¸ìŠ¤í‹°ì¦ˆ(instiz) ì¼ìƒ ì¹´í…Œê³ ë¦¬ ì±—ì§€í”¼í‹° ì…€ì¹´ ì§€ë¸Œë¦¬ë¡œ ë°”ê¾¸ëŠ”ê±° êµ¬ã…¡ì—½ë‹¤...,http://file3.instiz.net/data/cached_img/upload/2025/04/01/8/2f44a3e4bade4ffff59880fadbd1478e.png,https://search.pstatic.net/sunny/?type=b150&src=http://file3.instiz.net/data/cached_img/upload/2025/04/01/8/2f44a3e4bade4ffff59880fadbd1478e.png,1200,800
ì˜¤ë²„ì›Œì¹˜2 ì¸ë²¤ : ì±—ì§€í”¼í‹°ë¡œ ì˜¤ë²„ì›Œì¹˜2 ì˜ì›… ì•„ì´ì½˜ ì‹¤ì‚¬í™” - ì˜¤ë²„ì›Œì¹˜2 ì¸ë²¤ ììœ ê²Œì‹œíŒ ì±—ì§€í”¼í‹°ë¡œ ì˜¤ë²„ì›Œì¹˜2 ì˜ì›… ì•„ì´ì½˜ ì‹¤ì‚¬í™”,https://upload3.inven.co.kr/upload/2025/03/29/bbs/i1974937498.png?MW=800,https://search.pstatic.net/sunny/?type=b150&src=https://upload3.inven.co.kr/upload/2025/03/29/bbs/i1974937498.png?MW=800,800,800
ê¸€ë¡œë²Œ 1000ë§Œ ì•±ì€ ì±—ì§€í”¼í‹°ë¥¼ ì–´ë–»ê²Œ í™œìš©í• ê¹Œ,http://imgnews.naver.net/image/308/2023/07/24/0000033094_002_20230724065306730.jpg,https://search.pstatic.net/common/?type=b150&src=http://imgnews.naver.net/image/308/2023/07/24/0000033094_002_20230724065306730.jpg,853,1280
[ì „ìì±…] ì¬ì•¼ê³ ìˆ˜ ì±—ì§€í”¼í‹° ê·¸ë¦¬ê³  ê·¸ë¡ 1.5í¸ ë”¥ì‹œí¬ - ì˜ˆìŠ¤24 [ì „ìì±…]ì¬ì•¼ê³ ìˆ˜ ì±—ì§€í”¼í‹° ê·¸ë¦¬ê³  ê·¸ë¡ 1.5í¸ ë”¥ì‹œí¬ - ì˜ˆìŠ¤24,https://image.yes24.com/goods/144073115/XL,https://search.pstatic.net/sunny/?type=b150&src=https://image.yes24.com/goods/144073115/XL,1200,848
"ì±—gpt, gtp, ì±—ë´‡, chatgpt, ì±—ì§€í”¼í‹°, ì‚¬ì§„,ì´ë¯¸ì§€,ì¼ëŸ¬ìŠ¤íŠ¸,ìº˜ë¦¬ê·¸ë¼í”¼ - ë””ìì¸ê·¸ë¦¬ê³ ì‘ê°€ í¬ë¼ìš°ë“œí”½ - ì €ì‘ê¶Œ ê±±ì • ì—†ëŠ” ìƒì—…ìš© ì´ë¯¸ì§€",https://cdn.crowdpic.net/detail-thumb/thumb_d_95A91155F55B7F9690E6A0436DC915DB.png,https://search.pstatic.net/sunny/?type=b150&src=https://cdn.crowdpic.net/detail-thumb/thumb_d_95A91155F55B7F9690E6A0436DC915DB.png,650,650
"ì±—gpt, gtp, ì±—ë´‡, chatgpt, ì±—ì§€í”¼í‹°, ì‚¬ì§„,ì´ë¯¸ì§€,ì¼ëŸ¬ìŠ¤íŠ¸,ìº˜ë¦¬ê·¸ë¼í”¼ - ë””ìì¸ê·¸ë¦¬ê³ ì‘ê°€ í¬ë¼ìš°ë“œí”½ - ì €ì‘ê¶Œ ê±±ì • ì—†ëŠ” ìƒì—…ìš© ì´ë¯¸ì§€",https://cdn.crowdpic.net/detail-thumb/thumb_d_DFC05F6B3D80629B9F36AFC308A91811.png,https://search.pstatic.net/sunny/?type=b150&src=https://cdn.crowdpic.net/detail-thumb/thumb_d_DFC05F6B3D80629B9F36AFC308A91811.png,650,878
